ID	population	project	sample_id	person_id	mean_depth	freemix	sex	mother	mother_sequenced_sample_id	mother_ibd	father	father_sequenced_sample_id	father_ibd	comment
SC_GMFUL5306338	GWF	GGVP	SC_GMFUL5306338	154326866	10.91	0	female	192546110	SC_GMFUL5306354	0.005:0.974:0.021	197190584	SC_GMFUL5306346	0.003:0.958:0.039	NA
SC_GMFUL5306339	GWF	GGVP	SC_GMFUL5306339	244699038	12.16	0.0013	female	249140963	SC_GMFUL5306355	0.006:0.981:0.013	245432414	SC_GMFUL5306347	0.003:0.985:0.011	NA
SC_GMFUL5306340	GWF	GGVP	SC_GMFUL5306340	328799914	12.61	0.00024	female	331243099	SC_GMFUL5306356	0.002:0.970:0.028	330338193	SC_GMFUL5306348	0.003:0.972:0.026	NA
SC_GMFUL5306341	GWF	GGVP	SC_GMFUL5306341	423927870	11	0.00052	male	430463864	SC_GMFUL5306357	0.005:0.980:0.015	426110231	SC_GMFUL5306349	0.004:0.984:0.012	NA
SC_GMFUL5306343	GWF	GGVP	SC_GMFUL5306343	183128843	10.22	6.4e-05	female	185038584	SC_GMFUL5306359	0.002:0.953:0.045	183780268	SC_GMFUL5306351	0.004:0.952:0.044	NA
SC_GMFUL5306344	GWF	GGVP	SC_GMFUL5306344	223940404	10.87	0.0011	male	225668895	SC_GMFUL5306360	0.005:0.980:0.014	225208014	SC_GMFUL5306352	0.007:0.979:0.014	NA
SC_GMFUL5306345	GWF	GGVP	SC_GMFUL5306345	317990451	8.75	0.0081	female	319127022	SC_GMFUL5306361	0.005:0.977:0.018	318762181	SC_GMFUL5306353	0.005:0.978:0.017	NA
SC_GMFUL5306346	GWF	GGVP	SC_GMFUL5306346	197190584	10.67	0	male	NA	NA	NA	NA	NA	NA	NA
SC_GMFUL5306347	GWF	GGVP	SC_GMFUL5306347	245432414	9.83	0.0061	male	NA	NA	NA	NA	NA	NA	NA
SC_GMFUL5306348	GWF	GGVP	SC_GMFUL5306348	330338193	10.03	0	male	NA	NA	NA	NA	NA	NA	NA
SC_GMFUL5306349	GWF	GGVP	SC_GMFUL5306349	426110231	9.94	0	male	NA	NA	NA	NA	NA	NA	NA
SC_GMFUL5306351	GWF	GGVP	SC_GMFUL5306351	183780268	9.34	6.6e-05	male	NA	NA	NA	NA	NA	NA	NA
SC_GMFUL5306352	GWF	GGVP	SC_GMFUL5306352	225208014	10.51	0	male	NA	NA	NA	NA	NA	NA	NA
SC_GMFUL5306353	GWF	GGVP	SC_GMFUL5306353	318762181	9.98	0.00018	male	NA	NA	NA	NA	NA	NA	NA
SC_GMFUL5306354	GWF	GGVP	SC_GMFUL5306354	192546110	9.69	0.0004	female	NA	NA	NA	NA	NA	NA	NA
SC_GMFUL5306355	GWF	GGVP	SC_GMFUL5306355	249140963	8.88	0.0031	female	NA	NA	NA	NA	NA	NA	NA
SC_GMFUL5306356	GWF	GGVP	SC_GMFUL5306356	331243099	11.41	0.0011	female	NA	NA	NA	NA	NA	NA	NA
SC_GMFUL5306357	GWF	GGVP	SC_GMFUL5306357	430463864	12.74	0.0011	female	NA	NA	NA	NA	NA	NA	NA
SC_GMFUL5306359	GWF	GGVP	SC_GMFUL5306359	185038584	10.81	0.00096	female	NA	NA	NA	NA	NA	NA	NA
SC_GMFUL5306360	GWF	GGVP	SC_GMFUL5306360	225668895	10.86	0.0043	female	NA	NA	NA	NA	NA	NA	NA
SC_GMFUL5306361	GWF	GGVP	SC_GMFUL5306361	319127022	10.32	3.4e-05	female	NA	NA	NA	NA	NA	NA	NA
SC_GMFUL5306362_LQ	GWF	GGVP	SC_GMFUL5306362	323677047	6.49	0.00066	male	324950161	SC_GMFUL5306378	NA	331716624	SC_GMFUL5306370	NA	NA
SC_GMFUL5306362_WGA_noPCR	GWF	GGVP	SC_GMFUL5306362	323677047	9.3	0.0002	male	324950161	SC_GMFUL5306378	NA	331716624	SC_GMFUL5306370	NA	NA
SC_GMFUL5306362_WGA_std	GWF	GGVP	SC_GMFUL5306362	323677047	9.2	0.00034	male	324950161	SC_GMFUL5306378	NA	331716624	SC_GMFUL5306370	NA	NA
SC_GMFUL5306362	GWF	GGVP	SC_GMFUL5306362	323677047	9.83	0.00057	male	324950161	SC_GMFUL5306378	0.007:0.979:0.015	331716624	SC_GMFUL5306370	0.006:0.981:0.013	NA
SC_GMFUL5306363	GWF	GGVP	SC_GMFUL5306363	257924465	11.21	0	male	266252095	SC_GMFUL5306379	0.006:0.981:0.013	263704037	SC_GMFUL5306371	0.007:0.980:0.013	NA
SC_GMFUL5306366	GWF	GGVP	SC_GMFUL5306366	133937001	11.06	0.00055	male	139507209	SC_GMFUL5306382	0.004:0.970:0.025	136094581	SC_GMFUL5306374	0.001:0.973:0.025	NA
SC_GMFUL5306367	GWF	GGVP	SC_GMFUL5306367	189661318	10.3	0.0041	male	191094463	SC_GMFUL5306383	0.006:0.984:0.009	190849231	SC_GMFUL5306375	0.003:0.987:0.011	NA
SC_GMFUL5306369	GWF	GGVP	SC_GMFUL5306369	365779057	12.25	0.00036	male	373783211	SC_GMFUL5306385	0.006:0.987:0.007	370896607	SC_GMFUL5306377	0.004:0.982:0.014	NA
SC_GMFUL5306370_LQ	GWF	GGVP	SC_GMFUL5306370	331716624	6.18	0.00043	male	NA	NA	NA	NA	NA	NA	NA
SC_GMFUL5306370_WGA_noPCR	GWF	GGVP	SC_GMFUL5306370	331716624	9.29	0.00032	male	NA	NA	NA	NA	NA	NA	NA
SC_GMFUL5306370_WGA_std	GWF	GGVP	SC_GMFUL5306370	331716624	8.58	0.0004	male	NA	NA	NA	NA	NA	NA	NA
SC_GMFUL5306370	GWF	GGVP	SC_GMFUL5306370	331716624	9.59	0	male	NA	NA	NA	NA	NA	NA	NA
SC_GMFUL5306371	GWF	GGVP	SC_GMFUL5306371	263704037	10.47	0.00017	male	NA	NA	NA	NA	NA	NA	NA
SC_GMFUL5306374	GWF	GGVP	SC_GMFUL5306374	136094581	13.19	0.00019	male	NA	NA	NA	NA	NA	NA	NA
SC_GMFUL5306375	GWF	GGVP	SC_GMFUL5306375	190849231	10.42	0.00044	male	NA	NA	NA	NA	NA	NA	NA
SC_GMFUL5306377	GWF	GGVP	SC_GMFUL5306377	370896607	10.96	0	male	NA	NA	NA	NA	NA	NA	NA
SC_GMFUL5306378_LQ	GWF	GGVP	SC_GMFUL5306378	324950161	6.3	0.00033	female	NA	NA	NA	NA	NA	NA	NA
SC_GMFUL5306378_WGA_noPCR	GWF	GGVP	SC_GMFUL5306378	324950161	9.84	0.00016	female	NA	NA	NA	NA	NA	NA	NA
SC_GMFUL5306378_WGA_std	GWF	GGVP	SC_GMFUL5306378	324950161	8.69	0.00049	female	NA	NA	NA	NA	NA	NA	NA
SC_GMFUL5306378	GWF	GGVP	SC_GMFUL5306378	324950161	10.83	0	female	NA	NA	NA	NA	NA	NA	NA
SC_GMFUL5306379	GWF	GGVP	SC_GMFUL5306379	266252095	9.35	0.0027	female	NA	NA	NA	NA	NA	NA	NA
SC_GMFUL5306382	GWF	GGVP	SC_GMFUL5306382	139507209	9.6	0.00038	female	NA	NA	NA	NA	NA	NA	NA
SC_GMFUL5306383	GWF	GGVP	SC_GMFUL5306383	191094463	9.68	0.0015	female	NA	NA	NA	NA	NA	NA	NA
SC_GMFUL5306385	GWF	GGVP	SC_GMFUL5306385	373783211	9.14	0	female	NA	NA	NA	NA	NA	NA	NA
SC_GMFUL5306387	GWF	GGVP	SC_GMFUL5306387	302044641	9.37	0.0019	male	306940373	SC_GMFUL5306403	0.005:0.977:0.018	306057071	SC_GMFUL5306395	0.004:0.971:0.025	NA
SC_GMFUL5306388	GWF	GGVP	SC_GMFUL5306388	409267929	9.47	0.00011	male	410586881	SC_GMFUL5306404	0.007:0.965:0.028	410036222	SC_GMFUL5306396	0.005:0.983:0.012	NA
SC_GMFUL5306389	GWF	GGVP	SC_GMFUL5306389	100326578	9.34	0.00029	male	102375633	SC_GMFUL5306405	0.006:0.964:0.030	100482391	SC_GMFUL5306397	0.003:0.961:0.035	NA
SC_GMFUL5306390	GWF	GGVP	SC_GMFUL5306390	150669555	13.38	0.00013	female	152279154	SC_GMFUL5306406	0.005:0.982:0.013	151150199	SC_GMFUL5306398	0.005:0.983:0.012	NA
SC_GMFUL5306391	GWF	GGVP	SC_GMFUL5306391	191752831	9.94	0	female	194553007	SC_GMFUL5306407	0.006:0.958:0.036	192279050	SC_GMFUL5306399	0.008:0.955:0.037	NA
SC_GMFUL5306392	GWF	GGVP	SC_GMFUL5306392	293530137	9.43	0	male	295198776	SC_GMFUL5306408	0.005:0.943:0.052	295049699	SC_GMFUL5306400	0.004:0.939:0.058	NA
SC_GMFUL5306395	GWF	GGVP	SC_GMFUL5306395	306057071	9.7	0	male	NA	NA	NA	NA	NA	NA	NA
SC_GMFUL5306396	GWF	GGVP	SC_GMFUL5306396	410036222	9.7	9.4e-05	male	NA	NA	NA	NA	NA	NA	NA
SC_GMFUL5306397	GWF	GGVP	SC_GMFUL5306397	100482391	9.4	0	male	NA	NA	NA	NA	NA	NA	NA
SC_GMFUL5306398	GWF	GGVP	SC_GMFUL5306398	151150199	9.09	0	male	NA	NA	NA	NA	NA	NA	NA
SC_GMFUL5306399	GWF	GGVP	SC_GMFUL5306399	192279050	9.63	0	male	NA	NA	NA	NA	NA	NA	NA
SC_GMFUL5306400	GWF	GGVP	SC_GMFUL5306400	295049699	9.79	0.00071	male	NA	NA	NA	NA	NA	NA	NA
SC_GMFUL5306403	GWF	GGVP	SC_GMFUL5306403	306940373	9.15	6.9e-05	female	NA	NA	NA	NA	NA	NA	NA
SC_GMFUL5306404	GWF	GGVP	SC_GMFUL5306404	410586881	8.89	0	female	NA	NA	NA	NA	NA	NA	NA
SC_GMFUL5306405	GWF	GGVP	SC_GMFUL5306405	102375633	8.01	0	female	NA	NA	NA	NA	NA	NA	NA
SC_GMFUL5306406	GWF	GGVP	SC_GMFUL5306406	152279154	9.85	0	female	NA	NA	NA	NA	NA	NA	NA
SC_GMFUL5306407	GWF	GGVP	SC_GMFUL5306407	194553007	9.14	0	female	NA	NA	NA	NA	NA	NA	NA
SC_GMFUL5306408	GWF	GGVP	SC_GMFUL5306408	295198776	9.03	0.00031	female	NA	NA	NA	NA	NA	NA	NA
SC_GMFUL5306410	GWF	GGVP	SC_GMFUL5306410	547557646	8.49	0	male	550366867	SC_GMFUL5306426	0.005:0.921:0.074	555985914	SC_GMFUL5306418	0.007:0.953:0.040	NA
SC_GMFUL5306411	GWF	GGVP	SC_GMFUL5306411	315137097	8.1	0	male	316042602	SC_GMFUL5306427	0.006:0.967:0.027	315544046	SC_GMFUL5306419	0.007:0.966:0.027	NA
SC_GMFUL5306412	GWF	GGVP	SC_GMFUL5306412	420349683	10.53	0.0034	female	422925028	SC_GMFUL5306428	0.006:0.979:0.015	422924339	SC_GMFUL5306420	0.005:0.984:0.011	NA
SC_GMFUL5306413	GWF	GGVP	SC_GMFUL5306413	102520007	10.54	0	male	106028509	SC_GMFUL5306429	0.004:0.965:0.031	103883467	SC_GMFUL5306421	0.005:0.947:0.048	NA
SC_GMFUL5306415	GWF	GGVP	SC_GMFUL5306415	200028113	9.48	0	male	204917656	SC_GMFUL5306431	0.007:0.981:0.012	203604550	SC_GMFUL5306423	0.007:0.983:0.011	NA
SC_GMFUL5306416	GWF	GGVP	SC_GMFUL5306416	307133497	11.15	2.9e-06	male	314221155	SC_GMFUL5306432	0.004:0.934:0.062	308419522	SC_GMFUL5306424	0.004:0.918:0.078	NA
SC_GMFUL5306418	GWF	GGVP	SC_GMFUL5306418	555985914	11.44	0.00012	male	NA	NA	NA	NA	NA	NA	NA
SC_GMFUL5306419	GWF	GGVP	SC_GMFUL5306419	315544046	9.88	0.0014	male	NA	NA	NA	NA	NA	NA	NA
SC_GMFUL5306420	GWF	GGVP	SC_GMFUL5306420	422924339	8.62	0	male	NA	NA	NA	NA	NA	NA	NA
SC_GMFUL5306421	GWF	GGVP	SC_GMFUL5306421	103883467	9.75	0	male	NA	NA	NA	NA	NA	NA	NA
SC_GMFUL5306423	GWF	GGVP	SC_GMFUL5306423	203604550	10.26	0.00097	male	NA	NA	NA	NA	NA	NA	NA
SC_GMFUL5306424	GWF	GGVP	SC_GMFUL5306424	308419522	10.98	0	male	NA	NA	NA	NA	NA	NA	NA
SC_GMFUL5306426	GWF	GGVP	SC_GMFUL5306426	550366867	10.22	0.00081	female	NA	NA	NA	NA	NA	NA	NA
SC_GMFUL5306427	GWF	GGVP	SC_GMFUL5306427	316042602	9.53	0.0021	female	NA	NA	NA	NA	NA	NA	NA
SC_GMFUL5306428	GWF	GGVP	SC_GMFUL5306428	422925028	10.12	0	female	NA	NA	NA	NA	NA	NA	NA
SC_GMFUL5306429	GWF	GGVP	SC_GMFUL5306429	106028509	9.62	0.0041	female	NA	NA	NA	NA	NA	NA	NA
SC_GMFUL5306431	GWF	GGVP	SC_GMFUL5306431	204917656	8.9	0.0046	female	NA	NA	NA	NA	NA	NA	NA
SC_GMFUL5306432	GWF	GGVP	SC_GMFUL5306432	314221155	8.46	0.00031	female	NA	NA	NA	NA	NA	NA	NA
SC_GMFUL5309700	GWF	GGVP	SC_GMFUL5309700	250850080	7.56	0.0026	female	252003901	SC_GMFUL5309716	0.007:0.980:0.013	251244148	SC_GMFUL5309708	0.016:0.972:0.012	NA
SC_GMFUL5309701	GWF	GGVP	SC_GMFUL5309701	292077058	8.66	0.13	male	NA	NA	NA	NA	NA	NA	NA
SC_GMFUL5309702	GWF	GGVP	SC_GMFUL5309702	358520391	7.84	0.00029	female	362966676	SC_GMFUL5309718	0.006:0.963:0.031	360268719	SC_GMFUL5309710	0.008:0.942:0.050	NA
SC_GMFUL5309703	GWF	GGVP	SC_GMFUL5309703	416092959	8.11	0	male	419277377	SC_GMFUL5309719	0.013:0.972:0.016	419059341	SC_GMFUL5309711	0.005:0.968:0.026	NA
SC_GMFUL5309708	GWF	GGVP	SC_GMFUL5309708	251244148	8.07	0.00048	male	NA	NA	NA	NA	NA	NA	NA
SC_GMFUL5309709	GWF	GGVP	SC_GMFUL5309709	292743969	8.35	0	male	NA	NA	NA	NA	NA	NA	NA
SC_GMFUL5309710	GWF	GGVP	SC_GMFUL5309710	360268719	9.08	0.0066	male	NA	NA	NA	NA	NA	NA	NA
SC_GMFUL5309711	GWF	GGVP	SC_GMFUL5309711	419059341	8.36	0.0058	male	NA	NA	NA	NA	NA	NA	NA
SC_GMFUL5309716	GWF	GGVP	SC_GMFUL5309716	252003901	9.67	0	female	NA	NA	NA	NA	NA	NA	NA
SC_GMFUL5309717	GWF	GGVP	SC_GMFUL5309717	293279582	7.99	0.00025	female	NA	NA	NA	NA	NA	NA	NA
SC_GMFUL5309718	GWF	GGVP	SC_GMFUL5309718	362966676	9.65	0	female	NA	NA	NA	NA	NA	NA	NA
SC_GMFUL5309719	GWF	GGVP	SC_GMFUL5309719	419277377	9.38	0.00043	female	NA	NA	NA	NA	NA	NA	NA
SC_GMFUL5309722	GWF	GGVP	SC_GMFUL5309722	126207979	8.55	0.0017	female	131318718	SC_GMFUL5309738	0.005:0.983:0.012	126541953	SC_GMFUL5309730	0.006:0.952:0.041	NA
SC_GMFUL5309725	GWF	GGVP	SC_GMFUL5309725	295502897	9.3	0.3	female	297624574	SC_GMFUL5309741	0.212:0.787:0.002	295602382	SC_GMFUL5309733	0.219:0.778:0.003	NA
SC_GMFUL5309730	GWF	GGVP	SC_GMFUL5309730	126541953	9.91	0.036	male	NA	NA	NA	NA	NA	NA	NA
SC_GMFUL5309733	GWF	GGVP	SC_GMFUL5309733	295602382	9.67	0.0035	male	NA	NA	NA	NA	NA	NA	NA
SC_GMFUL5309735	GWF	GGVP	SC_GMFUL5309735	485209069	13.33	0	male	NA	NA	NA	NA	NA	NA	NA
SC_GMFUL5309738	GWF	GGVP	SC_GMFUL5309738	131318718	11.69	0	female	NA	NA	NA	NA	NA	NA	NA
SC_GMFUL5309741	GWF	GGVP	SC_GMFUL5309741	297624574	12.01	0	female	NA	NA	NA	NA	NA	NA	NA
SC_GMFUL5309747	GWF	GGVP	SC_GMFUL5309747	227098123	11.71	0	male	230184442	SC_GMFUL5309763	0.003:0.982:0.015	229790997	SC_GMFUL5309755	0.004:0.979:0.017	NA
SC_GMFUL5309748	GWF	GGVP	SC_GMFUL5309748	267690151	13.1	0.0017	female	272384511	SC_GMFUL5309764	0.006:0.983:0.010	268805708	SC_GMFUL5309756	0.004:0.979:0.017	NA
SC_GMFUL5309755	GWF	GGVP	SC_GMFUL5309755	229790997	12.73	0.00093	male	NA	NA	NA	NA	NA	NA	NA
SC_GMFUL5309756	GWF	GGVP	SC_GMFUL5309756	268805708	12.93	0.00036	male	NA	NA	NA	NA	NA	NA	NA
SC_GMFUL5309763	GWF	GGVP	SC_GMFUL5309763	230184442	10.66	0.004	female	NA	NA	NA	NA	NA	NA	NA
SC_GMFUL5309764	GWF	GGVP	SC_GMFUL5309764	272384511	9.02	0.00047	female	NA	NA	NA	NA	NA	NA	NA
SC_GMFUL5309773	GWF	GGVP	SC_GMFUL5309773	343276970	10.22	0.00078	female	343938875	SC_GMFUL5309789	0.002:0.955:0.043	343389795	SC_GMFUL5309781	0.003:0.942:0.055	NA
SC_GMFUL5309781	GWF	GGVP	SC_GMFUL5309781	343389795	10.59	0.0077	male	NA	NA	NA	NA	NA	NA	NA
SC_GMFUL5309789	GWF	GGVP	SC_GMFUL5309789	343938875	13.62	0.0018	female	NA	NA	NA	NA	NA	NA	NA
SC_GMJOL5309796	GWJ	GGVP	SC_GMJOL5309796	242113916	12.01	0	female	252228105	SC_GMJOL5309812	0.003:0.984:0.014	257811328	SC_GMJOL5309804	0.003:0.983:0.014	NA
SC_GMJOL5309797	GWJ	GGVP	SC_GMJOL5309797	347093440	10.61	0	female	348124244	SC_GMJOL5309813	0.007:0.966:0.028	348137473	SC_GMJOL5309805	0.003:0.984:0.013	NA
SC_GMJOL5309804	GWJ	GGVP	SC_GMJOL5309804	257811328	13.36	0.00073	male	NA	NA	NA	NA	NA	NA	NA
SC_GMJOL5309805	GWJ	GGVP	SC_GMJOL5309805	348137473	12.7	0.00025	male	NA	NA	NA	NA	NA	NA	NA
SC_GMJOL5309812	GWJ	GGVP	SC_GMJOL5309812	252228105	11.49	0	female	NA	NA	NA	NA	NA	NA	NA
SC_GMJOL5309813	GWJ	GGVP	SC_GMJOL5309813	348124244	10.4	0.0001	female	NA	NA	NA	NA	NA	NA	NA
SC_GMJOL5309819	GWJ	GGVP	SC_GMJOL5309819	125629846	10.37	0.00033	female	127136473	SC_GMJOL5309835	0.004:0.968:0.028	131728599	SC_GMJOL5309827	0.004:0.965:0.030	NA
SC_GMJOL5309820	GWJ	GGVP	SC_GMJOL5309820	259493861	12.35	0	female	264588601	SC_GMJOL5309836	0.003:0.969:0.028	267329873	SC_GMJOL5309828	0.006:0.983:0.011	NA
SC_GMJOL5309821	GWJ	GGVP	SC_GMJOL5309821	353773249	8.2	0.001	female	361925422	SC_GMJOL5309837	0.008:0.974:0.018	373643353	SC_GMJOL5309829	0.006:0.976:0.017	NA
SC_GMJOL5309827	GWJ	GGVP	SC_GMJOL5309827	131728599	14.57	0	male	NA	NA	NA	NA	NA	NA	NA
SC_GMJOL5309828	GWJ	GGVP	SC_GMJOL5309828	267329873	10.07	0	male	NA	NA	NA	NA	NA	NA	NA
SC_GMJOL5309829	GWJ	GGVP	SC_GMJOL5309829	373643353	9.16	0	male	NA	NA	NA	NA	NA	NA	NA
SC_GMJOL5309835	GWJ	GGVP	SC_GMJOL5309835	127136473	9.98	5.6e-05	female	NA	NA	NA	NA	NA	NA	NA
SC_GMJOL5309836	GWJ	GGVP	SC_GMJOL5309836	264588601	13.9	0	female	NA	NA	NA	NA	NA	NA	NA
SC_GMJOL5309837	GWJ	GGVP	SC_GMJOL5309837	361925422	11.12	0	female	NA	NA	NA	NA	NA	NA	NA
SC_GMJOL5309843	GWJ	GGVP	SC_GMJOL5309843	133612993	11.77	0.00017	female	135099931	SC_GMJOL5309859	0.004:0.979:0.017	140599023	SC_GMJOL5309851	0.008:0.973:0.019	NA
SC_GMJOL5309844	GWJ	GGVP	SC_GMJOL5309844	294002739	8.08	0	male	307909651	SC_GMJOL5309860	0.010:0.968:0.022	310442056	SC_GMJOL5309852	0.010:0.979:0.011	NA
SC_GMJOL5309851	GWJ	GGVP	SC_GMJOL5309851	140599023	7.39	2e-05	male	NA	NA	NA	NA	NA	NA	NA
SC_GMJOL5309852	GWJ	GGVP	SC_GMJOL5309852	310442056	15.62	0.00054	male	NA	NA	NA	NA	NA	NA	NA
SC_GMJOL5309859	GWJ	GGVP	SC_GMJOL5309859	135099931	13.42	0	female	NA	NA	NA	NA	NA	NA	NA
SC_GMJOL5309860	GWJ	GGVP	SC_GMJOL5309860	307909651	10.07	0	female	NA	NA	NA	NA	NA	NA	NA
SC_GMJOL5309867	GWJ	GGVP	SC_GMJOL5309867	152186815	11.43	0	female	158025517	SC_GMJOL5309883	0.006:0.975:0.019	158231140	SC_GMJOL5309875	0.004:0.971:0.025	NA
SC_GMJOL5309868	GWJ	GGVP	SC_GMJOL5309868	312769338	9.35	0.0013	male	319735774	SC_GMJOL5309884	0.003:0.976:0.020	321562521	SC_GMJOL5309876	0.004:0.979:0.016	NA
SC_GMJOL5309875	GWJ	GGVP	SC_GMJOL5309875	158231140	10.46	0	male	NA	NA	NA	NA	NA	NA	NA
SC_GMJOL5309876	GWJ	GGVP	SC_GMJOL5309876	321562521	12.6	0.0029	male	NA	NA	NA	NA	NA	NA	NA
SC_GMJOL5309883	GWJ	GGVP	SC_GMJOL5309883	158025517	10.93	0	female	NA	NA	NA	NA	NA	NA	NA
SC_GMJOL5309884	GWJ	GGVP	SC_GMJOL5309884	319735774	11.61	0.00034	female	NA	NA	NA	NA	NA	NA	NA
SC_GMJOL5309890	GWJ	GGVP	SC_GMJOL5309890	122537268	9.61	0.009	female	138281379	SC_GMJOL5309906	0.005:0.977:0.017	138981036	SC_GMJOL5309898	0.005:0.977:0.019	NA
SC_GMJOL5309891	GWJ	GGVP	SC_GMJOL5309891	300669543	9.22	0.00054	male	312676398	SC_GMJOL5309907	0.004:0.980:0.016	322929203	SC_GMJOL5309899	0.005:0.980:0.015	NA
SC_GMJOL5309895	GWJ	GGVP	SC_GMJOL5309895	302771485	11.59	0	female	303252821	SC_GMJOL5309911	0.003:0.978:0.020	310594590	SC_GMJOL5309903	0.005:0.973:0.022	NA
SC_GMJOL5309896	GWJ	GGVP	SC_GMJOL5309896	365685952	10.29	0.00053	female	366999257	SC_GMJOL5309912	0.004:0.979:0.016	368542201	SC_GMJOL5309904	0.005:0.978:0.016	NA
SC_GMJOL5309897	GWJ	GGVP	SC_GMJOL5309897	500479427	10.57	0.00018	male	500521612	SC_GMJOL5309913	0.005:0.981:0.014	502725396	SC_GMJOL5309905	0.004:0.984:0.011	NA
SC_GMJOL5309898	GWJ	GGVP	SC_GMJOL5309898	138981036	9.56	0	male	NA	NA	NA	NA	NA	NA	NA
SC_GMJOL5309899	GWJ	GGVP	SC_GMJOL5309899	322929203	11.43	0	male	NA	NA	NA	NA	NA	NA	NA
SC_GMJOL5309903	GWJ	GGVP	SC_GMJOL5309903	310594590	12.25	4.7e-05	male	NA	NA	NA	NA	NA	NA	NA
SC_GMJOL5309904	GWJ	GGVP	SC_GMJOL5309904	368542201	9.65	0.00066	male	NA	NA	NA	NA	NA	NA	NA
SC_GMJOL5309905	GWJ	GGVP	SC_GMJOL5309905	502725396	14	0.00019	male	NA	NA	NA	NA	NA	NA	NA
SC_GMJOL5309906	GWJ	GGVP	SC_GMJOL5309906	138281379	9.2	0	female	NA	NA	NA	NA	NA	NA	NA
SC_GMJOL5309907	GWJ	GGVP	SC_GMJOL5309907	312676398	10.21	0	female	NA	NA	NA	NA	NA	NA	NA
SC_GMJOL5309911	GWJ	GGVP	SC_GMJOL5309911	303252821	9.52	0	female	NA	NA	NA	NA	NA	NA	NA
SC_GMJOL5309912	GWJ	GGVP	SC_GMJOL5309912	366999257	11.13	0	female	NA	NA	NA	NA	NA	NA	NA
SC_GMJOL5309913	GWJ	GGVP	SC_GMJOL5309913	500521612	9.53	0	female	NA	NA	NA	NA	NA	NA	NA
SC_GMJOL5309914	GWJ	GGVP	SC_GMJOL5309914	219876737	10.32	0	female	220255386	SC_GMJOL5309930	0.003:0.978:0.019	222469488	SC_GMJOL5309922	0.004:0.978:0.018	NA
SC_GMJOL5309917	GWJ	GGVP	SC_GMJOL5309917	122553554	10.18	0.00023	female	122843407	SC_GMJOL5309933	0.004:0.979:0.018	125443503	SC_GMJOL5309925	0.006:0.970:0.024	NA
SC_GMJOL5309918	GWJ	GGVP	SC_GMJOL5309918	260661438	11.05	7.9e-05	female	261594539	SC_GMJOL5309934	0.003:0.984:0.013	265726479	SC_GMJOL5309926	0.005:0.972:0.023	NA
SC_GMJOL5309919	GWJ	GGVP	SC_GMJOL5309919	322637871	9.54	0	male	323368642	SC_GMJOL5309935	0.005:0.913:0.082	323885062	SC_GMJOL5309927	0.005:0.828:0.167	NA
SC_GMJOL5309920	GWJ	GGVP	SC_GMJOL5309920	428586843	8.59	0	female	431886388	SC_GMJOL5309936	0.006:0.972:0.022	433032002	SC_GMJOL5309928	0.009:0.973:0.018	NA
SC_GMJOL5309921	GWJ	GGVP	SC_GMJOL5309921	506760077	10.92	0	male	517939737	SC_GMJOL5309929	0.007:0.977:0.016	509454975	SC_GMJOL5309937	0.004:0.978:0.018	NA
SC_GMJOL5309922	GWJ	GGVP	SC_GMJOL5309922	222469488	11.83	0	male	NA	NA	NA	NA	NA	NA	NA
SC_GMJOL5309925	GWJ	GGVP	SC_GMJOL5309925	125443503	11.11	0	male	NA	NA	NA	NA	NA	NA	NA
SC_GMJOL5309926	GWJ	GGVP	SC_GMJOL5309926	265726479	10.06	0.00011	male	NA	NA	NA	NA	NA	NA	NA
SC_GMJOL5309927	GWJ	GGVP	SC_GMJOL5309927	323885062	8.81	0	male	NA	NA	NA	NA	NA	NA	NA
SC_GMJOL5309928	GWJ	GGVP	SC_GMJOL5309928	433032002	11	0	male	NA	NA	NA	NA	NA	NA	NA
SC_GMJOL5309929	GWJ	GGVP	SC_GMJOL5309929	517939737	9.48	0	female	NA	NA	NA	NA	NA	NA	NA
SC_GMJOL5309930	GWJ	GGVP	SC_GMJOL5309930	220255386	11.57	0	female	NA	NA	NA	NA	NA	NA	NA
SC_GMJOL5309933	GWJ	GGVP	SC_GMJOL5309933	122843407	12.43	0	female	NA	NA	NA	NA	NA	NA	NA
SC_GMJOL5309934	GWJ	GGVP	SC_GMJOL5309934	261594539	13.71	0.00026	female	NA	NA	NA	NA	NA	NA	NA
SC_GMJOL5309935	GWJ	GGVP	SC_GMJOL5309935	323368642	11.83	5.7e-06	female	NA	NA	NA	NA	NA	NA	NA
SC_GMJOL5309936	GWJ	GGVP	SC_GMJOL5309936	431886388	12.18	0.00085	female	NA	NA	NA	NA	NA	NA	NA
SC_GMJOL5309937	GWJ	GGVP	SC_GMJOL5309937	509454975	9.77	0	male	NA	NA	NA	NA	NA	NA	NA
SC_GMJOL5309939	GWJ	GGVP	SC_GMJOL5309939	505741215	10	0	female	509662293	NA	NA	528749803	NA	NA	NA
SC_GMJOL5309940	GWJ	GGVP	SC_GMJOL5309940	492440933	9.64	0.00076	male	495896104	SC_GMJOL5309956	0.007:0.982:0.011	493091644	SC_GMJOL5309948	0.007:0.974:0.020	NA
SC_GMJOL5309941	GWJ	GGVP	SC_GMJOL5309941	156041507	10.04	0	male	158494485	SC_GMJOL5309957	0.005:0.968:0.027	162786576	SC_GMJOL5309949	0.004:0.980:0.015	NA
SC_GMJOL5309942	GWJ	GGVP	SC_GMJOL5309942	268700747	10.2	0	male	270401205	SC_GMJOL5309958	0.007:0.978:0.015	272163621	SC_GMJOL5309950	0.004:0.973:0.023	NA
SC_GMJOL5309943	GWJ	GGVP	SC_GMJOL5309943	328990897	9.81	0.003	female	329165975	SC_GMJOL5309959	0.013:0.971:0.016	330051457	SC_GMJOL5309951	0.009:0.978:0.014	NA
SC_GMJOL5309944	GWJ	GGVP	SC_GMJOL5309944	442415638	10.2	0.00012	male	446023814	SC_GMJOL5309960	0.008:0.967:0.026	446200880	SC_GMJOL5309952	0.005:0.966:0.029	NA
SC_GMJOL5309945	GWJ	GGVP	SC_GMJOL5309945	523102268	11.77	0.0024	male	526533968	SC_GMJOL5309961	0.004:0.927:0.070	531251091	SC_GMJOL5309953	0.004:0.951:0.045	NA
SC_GMJOL5309948	GWJ	GGVP	SC_GMJOL5309948	493091644	10.47	0.0014	male	NA	NA	NA	NA	NA	NA	NA
SC_GMJOL5309949	GWJ	GGVP	SC_GMJOL5309949	162786576	10.04	0.00013	male	NA	NA	NA	NA	NA	NA	NA
SC_GMJOL5309950	GWJ	GGVP	SC_GMJOL5309950	272163621	8.48	0	male	NA	NA	NA	NA	NA	NA	NA
SC_GMJOL5309951	GWJ	GGVP	SC_GMJOL5309951	330051457	8.2	0.0026	male	NA	NA	NA	NA	NA	NA	NA
SC_GMJOL5309952	GWJ	GGVP	SC_GMJOL5309952	446200880	11.1	0.0017	male	NA	NA	NA	NA	NA	NA	NA
SC_GMJOL5309953	GWJ	GGVP	SC_GMJOL5309953	531251091	9.88	0.0015	male	NA	NA	NA	NA	NA	NA	NA
SC_GMJOL5309956	GWJ	GGVP	SC_GMJOL5309956	495896104	9.39	0	female	NA	NA	NA	NA	NA	NA	NA
SC_GMJOL5309957	GWJ	GGVP	SC_GMJOL5309957	158494485	10.7	0	female	NA	NA	NA	NA	NA	NA	NA
SC_GMJOL5309958	GWJ	GGVP	SC_GMJOL5309958	270401205	9.15	0	female	NA	NA	NA	NA	NA	NA	NA
SC_GMJOL5309959	GWJ	GGVP	SC_GMJOL5309959	329165975	7.75	0.0016	female	NA	NA	NA	NA	NA	NA	NA
SC_GMJOL5309960	GWJ	GGVP	SC_GMJOL5309960	446023814	10.35	0.00038	female	NA	NA	NA	NA	NA	NA	NA
SC_GMJOL5309961	GWJ	GGVP	SC_GMJOL5309961	526533968	11.71	0	female	NA	NA	NA	NA	NA	NA	NA
SC_GMJOL5309963	GWJ	GGVP	SC_GMJOL5309963	439200972	9.31	5.7e-05	male	446880080	SC_GMJOL5309979	0.007:0.967:0.026	440798187	SC_GMJOL5309971	0.004:0.980:0.016	NA
SC_GMJOL5309964	GWJ	GGVP	SC_GMJOL5309964	103594101	9.87	0.12	female	NA	NA	NA	105976615	SC_GMJOL5309972	0.108:0.880:0.013	NA
SC_GMJOL5309965	GWJ	GGVP	SC_GMJOL5309965	164006553	8.85	0.00017	female	164951977	SC_GMJOL5309981	0.005:0.976:0.020	165179775	SC_GMJOL5309973	0.008:0.970:0.022	NA
SC_GMJOL5309966	GWJ	GGVP	SC_GMJOL5309966	280579824	9.54	0	female	281645122	SC_GMJOL5309982	0.005:0.978:0.017	286751998	SC_GMJOL5309974	0.003:0.981:0.016	NA
SC_GMJOL5309967	GWJ	GGVP	SC_GMJOL5309967	330966760	9.57	7.9e-05	male	334964916	SC_GMJOL5309983	0.005:0.982:0.013	335984189	SC_GMJOL5309975	0.005:0.981:0.014	NA
SC_GMJOL5309968	GWJ	GGVP	SC_GMJOL5309968	489790078	12.47	0.0001	male	490648289	SC_GMJOL5309984	0.002:0.981:0.017	491505585	SC_GMJOL5309976	0.003:0.981:0.016	NA
SC_GMJOL5309969	GWJ	GGVP	SC_GMJOL5309969	531493967	7.5	0	female	533642317	SC_GMJOL5309985	0.008:0.976:0.016	535723520	SC_GMJOL5309977	0.008:0.975:0.017	NA
SC_GMJOL5309971	GWJ	GGVP	SC_GMJOL5309971	440798187	15.13	0.002	male	NA	NA	NA	NA	NA	NA	NA
SC_GMJOL5309972	GWJ	GGVP	SC_GMJOL5309972	105976615	12.38	0	male	NA	NA	NA	NA	NA	NA	NA
SC_GMJOL5309973	GWJ	GGVP	SC_GMJOL5309973	165179775	10.67	0	male	NA	NA	NA	NA	NA	NA	NA
SC_GMJOL5309974	GWJ	GGVP	SC_GMJOL5309974	286751998	11.43	0	male	NA	NA	NA	NA	NA	NA	NA
SC_GMJOL5309975	GWJ	GGVP	SC_GMJOL5309975	335984189	12.07	0.015	male	NA	NA	NA	NA	NA	NA	NA
SC_GMJOL5309976	GWJ	GGVP	SC_GMJOL5309976	491505585	12.78	3.3e-05	male	NA	NA	NA	NA	NA	NA	NA
SC_GMJOL5309977	GWJ	GGVP	SC_GMJOL5309977	535723520	10.03	0	male	NA	NA	NA	NA	NA	NA	NA
SC_GMJOL5309979	GWJ	GGVP	SC_GMJOL5309979	446880080	12.93	0.00015	female	NA	NA	NA	NA	NA	NA	NA
SC_GMJOL5309980	GWJ	GGVP	SC_GMJOL5309980	104973943	11.59	0.1	female	NA	NA	NA	NA	NA	NA	NA
SC_GMJOL5309981	GWJ	GGVP	SC_GMJOL5309981	164951977	11.35	0.00022	female	NA	NA	NA	NA	NA	NA	NA
SC_GMJOL5309982	GWJ	GGVP	SC_GMJOL5309982	281645122	11.04	0.00031	female	NA	NA	NA	NA	NA	NA	NA
SC_GMJOL5309983	GWJ	GGVP	SC_GMJOL5309983	334964916	11.05	0.00022	female	NA	NA	NA	NA	NA	NA	NA
SC_GMJOL5309984	GWJ	GGVP	SC_GMJOL5309984	490648289	14.1	0.00082	female	NA	NA	NA	NA	NA	NA	NA
SC_GMJOL5309985	GWJ	GGVP	SC_GMJOL5309985	533642317	11.83	0	female	NA	NA	NA	NA	NA	NA	NA
SC_GMMAN5482162	GWD	GGVP	SC_GMMAN5482162	100249147	11.97	0	male	106955415	SC_GMMAN5482170	0.003:0.980:0.017	108211533	SC_GMMAN5482178	0.002:0.981:0.017	NA
SC_GMMAN5482163	GWD	GGVP	SC_GMMAN5482163	136065885	13.25	0.0015	male	138160012	SC_GMMAN5482171	0.004:0.983:0.014	139061854	SC_GMMAN5482241	0.003:0.989:0.009	NA
SC_GMMAN5482164	GWD	GGVP	SC_GMMAN5482164	152873547	11.04	0.002	female	154438178	SC_GMMAN5482172	0.002:0.983:0.014	157458283	SC_GMMAN5482180	0.005:0.979:0.016	NA
SC_GMMAN5482165	GWD	GGVP	SC_GMMAN5482165	173434416	13.62	0.00045	female	176683279	SC_GMMAN5482173	0.002:0.989:0.008	177420894	SC_GMMAN5482181	0.002:0.976:0.021	NA
SC_GMMAN5482168	GWD	GGVP	SC_GMMAN5482168	244907995	11.96	0	female	249147652	SC_GMMAN5482176	0.002:0.987:0.010	249486751	SC_GMMAN5482184	0.004:0.986:0.010	NA
SC_GMMAN5482169	GWD	GGVP	SC_GMMAN5482169	273008183	12	0.00091	female	273457516	SC_GMMAN5482177	0.004:0.984:0.012	275162336	SC_GMMAN5482185	0.005:0.985:0.010	NA
SC_GMMAN5482170	GWD	GGVP	SC_GMMAN5482170	106955415	13.29	0	female	NA	NA	NA	NA	NA	NA	NA
SC_GMMAN5482171	GWD	GGVP	SC_GMMAN5482171	138160012	12.61	0	female	NA	NA	NA	NA	NA	NA	NA
SC_GMMAN5482172	GWD	GGVP	SC_GMMAN5482172	154438178	10.8	0	female	NA	NA	NA	NA	NA	NA	NA
SC_GMMAN5482173	GWD	GGVP	SC_GMMAN5482173	176683279	10.45	0.0003	female	NA	NA	NA	NA	NA	NA	NA
SC_GMMAN5482176	GWD	GGVP	SC_GMMAN5482176	249147652	11.46	0.00013	female	NA	NA	NA	NA	NA	NA	NA
SC_GMMAN5482177	GWD	GGVP	SC_GMMAN5482177	273457516	12.79	0.0016	female	NA	NA	NA	NA	NA	NA	NA
SC_GMMAN5482178	GWD	GGVP	SC_GMMAN5482178	108211533	13.07	0.00037	male	NA	NA	NA	NA	NA	NA	NA
SC_GMMAN5482180	GWD	GGVP	SC_GMMAN5482180	157458283	12.44	0	male	NA	NA	NA	NA	NA	NA	NA
SC_GMMAN5482181	GWD	GGVP	SC_GMMAN5482181	177420894	11.66	0	male	NA	NA	NA	NA	NA	NA	NA
SC_GMMAN5482184	GWD	GGVP	SC_GMMAN5482184	249486751	9.85	1.4e-06	male	NA	NA	NA	NA	NA	NA	NA
SC_GMMAN5482185	GWD	GGVP	SC_GMMAN5482185	275162336	9.97	0	male	NA	NA	NA	NA	NA	NA	NA
SC_GMMAN5482186	GWD	GGVP	SC_GMMAN5482186	108699039	7.39	0	female	109075409	SC_GMMAN5482194	0.005:0.974:0.020	109908991	SC_GMMAN5482202	0.007:0.983:0.009	NA
SC_GMMAN5482187	GWD	GGVP	SC_GMMAN5482187	139708554	6.47	0.0016	male	140903033	SC_GMMAN5482195	0.009:0.980:0.012	145543707	SC_GMMAN5482203	0.008:0.975:0.016	NA
SC_GMMAN5482189	GWD	GGVP	SC_GMMAN5482189	179265875	10.38	0.00022	female	180665072	SC_GMMAN5482197	0.009:0.974:0.018	183437044	SC_GMMAN5482205	0.006:0.983:0.011	NA
SC_GMMAN5482191	GWD	GGVP	SC_GMMAN5482191	223192549	9.6	0.002	male	227217900	SC_GMMAN5482199	0.005:0.982:0.013	229042587	SC_GMMAN5482207	0.004:0.988:0.008	NA
SC_GMMAN5482192	GWD	GGVP	SC_GMMAN5482192	250807822	9.94	0.0012	female	253152667	SC_GMMAN5482200	0.004:0.988:0.007	254362045	SC_GMMAN5482208	0.005:0.983:0.012	NA
SC_GMMAN5482193	GWD	GGVP	SC_GMMAN5482193	275242305	8.7	0	female	277178166	SC_GMMAN5482201	0.007:0.976:0.018	278731768	SC_GMMAN5482209	0.008:0.982:0.010	NA
SC_GMMAN5482194	GWD	GGVP	SC_GMMAN5482194	109075409	10.42	0	female	NA	NA	NA	NA	NA	NA	NA
SC_GMMAN5482195	GWD	GGVP	SC_GMMAN5482195	140903033	9.75	0.00017	female	NA	NA	NA	NA	NA	NA	NA
SC_GMMAN5482197	GWD	GGVP	SC_GMMAN5482197	180665072	8.91	0.00051	female	NA	NA	NA	NA	NA	NA	NA
SC_GMMAN5482199	GWD	GGVP	SC_GMMAN5482199	227217900	9.83	0.0054	female	NA	NA	NA	NA	NA	NA	NA
SC_GMMAN5482200	GWD	GGVP	SC_GMMAN5482200	253152667	11.3	0.00049	female	NA	NA	NA	NA	NA	NA	NA
SC_GMMAN5482201	GWD	GGVP	SC_GMMAN5482201	277178166	8.02	0.0028	female	NA	NA	NA	NA	NA	NA	NA
SC_GMMAN5482202	GWD	GGVP	SC_GMMAN5482202	109908991	10.88	0.0023	male	NA	NA	NA	NA	NA	NA	NA
SC_GMMAN5482203	GWD	GGVP	SC_GMMAN5482203	145543707	8.04	0.00041	male	NA	NA	NA	NA	NA	NA	NA
SC_GMMAN5482205	GWD	GGVP	SC_GMMAN5482205	183437044	9.83	0	male	NA	NA	NA	NA	NA	NA	NA
SC_GMMAN5482207	GWD	GGVP	SC_GMMAN5482207	229042587	12.38	0.00038	male	NA	NA	NA	NA	NA	NA	NA
SC_GMMAN5482208	GWD	GGVP	SC_GMMAN5482208	254362045	12.22	0.0016	male	NA	NA	NA	NA	NA	NA	NA
SC_GMMAN5482209	GWD	GGVP	SC_GMMAN5482209	278731768	7.46	0.0091	male	NA	NA	NA	NA	NA	NA	NA
SC_GMMAN5482211	GWD	GGVP	SC_GMMAN5482211	146996805	8.24	0.00021	male	148818709	SC_GMMAN5482219	0.008:0.976:0.016	149891172	SC_GMMAN5482227	0.009:0.978:0.013	NA
SC_GMMAN5482212	GWD	GGVP	SC_GMMAN5482212	163613730	10.47	0.0023	female	164685012	SC_GMMAN5482220	0.005:0.973:0.022	165762623	SC_GMMAN5482228	0.006:0.974:0.020	NA
SC_GMMAN5482213	GWD	GGVP	SC_GMMAN5482213	185200811	9.35	0.00013	female	185798347	SC_GMMAN5482221	0.003:0.978:0.020	188710704	SC_GMMAN5482229	0.006:0.984:0.010	NA
SC_GMMAN5482215	GWD	GGVP	SC_GMMAN5482215	231044801	7.52	0.0026	female	237512812	SC_GMMAN5482223	0.009:0.978:0.013	237940407	SC_GMMAN5482231	0.006:0.984:0.010	NA
SC_GMMAN5482216	GWD	GGVP	SC_GMMAN5482216	258503988	10.08	0.0028	male	266253617	SC_GMMAN5482224	0.005:0.982:0.013	266997630	SC_GMMAN5482232	0.003:0.982:0.015	NA
SC_GMMAN5482217	GWD	GGVP	SC_GMMAN5482217	279109146	13.98	0	female	279393850	SC_GMMAN5482225	0.002:0.984:0.014	280060876	SC_GMMAN5482233	0.003:0.986:0.011	NA
SC_GMMAN5482219	GWD	GGVP	SC_GMMAN5482219	148818709	14.13	0.0021	female	NA	NA	NA	NA	NA	NA	NA
SC_GMMAN5482220	GWD	GGVP	SC_GMMAN5482220	164685012	9.63	0.00085	female	NA	NA	NA	NA	NA	NA	NA
SC_GMMAN5482221	GWD	GGVP	SC_GMMAN5482221	185798347	14.06	0.0032	female	NA	NA	NA	NA	NA	NA	NA
SC_GMMAN5482223	GWD	GGVP	SC_GMMAN5482223	237512812	11.66	0.0051	female	NA	NA	NA	NA	NA	NA	NA
SC_GMMAN5482224	GWD	GGVP	SC_GMMAN5482224	266253617	10.69	0.0011	female	NA	NA	NA	NA	NA	NA	NA
SC_GMMAN5482225	GWD	GGVP	SC_GMMAN5482225	279393850	11.19	0	female	NA	NA	NA	NA	NA	NA	NA
SC_GMMAN5482227	GWD	GGVP	SC_GMMAN5482227	149891172	8.48	0	male	NA	NA	NA	NA	NA	NA	NA
SC_GMMAN5482228	GWD	GGVP	SC_GMMAN5482228	165762623	12.92	0.0018	male	NA	NA	NA	NA	NA	NA	NA
SC_GMMAN5482229	GWD	GGVP	SC_GMMAN5482229	188710704	9.91	0	male	NA	NA	NA	NA	NA	NA	NA
SC_GMMAN5482231	GWD	GGVP	SC_GMMAN5482231	237940407	10.8	0.0058	male	NA	NA	NA	NA	NA	NA	NA
SC_GMMAN5482232	GWD	GGVP	SC_GMMAN5482232	266997630	12.99	0	male	NA	NA	NA	NA	NA	NA	NA
SC_GMMAN5482233	GWD	GGVP	SC_GMMAN5482233	280060876	12.06	0.0013	male	NA	NA	NA	NA	NA	NA	NA
SC_GMMAN5482234	GWD	GGVP	SC_GMMAN5482234	127653819	11.12	0.00058	male	127935401	SC_GMMAN5482242	0.003:0.984:0.013	134934421	SC_GMMAN5482250	0.006:0.986:0.008	NA
SC_GMMAN5482235	GWD	GGVP	SC_GMMAN5482235	150502247	12.09	0	female	152615450	SC_GMMAN5482243	0.004:0.983:0.013	152741991	SC_GMMAN5482251	0.005:0.957:0.038	NA
SC_GMMAN5482236	GWD	GGVP	SC_GMMAN5482236	168415124	10.51	0.00042	male	169586037	SC_GMMAN5482244	0.004:0.983:0.013	170137270	SC_GMMAN5482252	0.004:0.982:0.014	NA
SC_GMMAN5482239	GWD	GGVP	SC_GMMAN5482239	239336062	12.13	4.9e-05	male	240664009	SC_GMMAN5482247	0.003:0.981:0.016	241105491	SC_GMMAN5482255	0.003:0.967:0.031	NA
SC_GMMAN5482240	GWD	GGVP	SC_GMMAN5482240	268620877	13.92	0.00058	male	269429270	SC_GMMAN5482248	0.004:0.983:0.013	270256765	SC_GMMAN5482256	0.003:0.976:0.021	NA
SC_GMMAN5482241	GWD	GGVP	SC_GMMAN5482241	139061854	11.57	0.0018	male	NA	NA	NA	NA	NA	NA	NA
SC_GMMAN5482242	GWD	GGVP	SC_GMMAN5482242	127935401	8.82	0	female	NA	NA	NA	NA	NA	NA	NA
SC_GMMAN5482243	GWD	GGVP	SC_GMMAN5482243	152615450	10.62	0	female	NA	NA	NA	NA	NA	NA	NA
SC_GMMAN5482244	GWD	GGVP	SC_GMMAN5482244	169586037	12.1	0.00091	female	NA	NA	NA	NA	NA	NA	NA
SC_GMMAN5482247	GWD	GGVP	SC_GMMAN5482247	240664009	8.63	0.00011	female	NA	NA	NA	NA	NA	NA	NA
SC_GMMAN5482248	GWD	GGVP	SC_GMMAN5482248	269429270	12.4	0.0014	female	NA	NA	NA	NA	NA	NA	NA
SC_GMMAN5482250	GWD	GGVP	SC_GMMAN5482250	134934421	14	0.00048	male	NA	NA	NA	NA	NA	NA	NA
SC_GMMAN5482251	GWD	GGVP	SC_GMMAN5482251	152741991	8.6	0.019	male	NA	NA	NA	NA	NA	NA	NA
SC_GMMAN5482252	GWD	GGVP	SC_GMMAN5482252	170137270	14.01	0.0044	male	NA	NA	NA	NA	NA	NA	NA
SC_GMMAN5482255	GWD	GGVP	SC_GMMAN5482255	241105491	11.87	0	male	NA	NA	NA	NA	NA	NA	NA
SC_GMMAN5482256	GWD	GGVP	SC_GMMAN5482256	270256765	11.67	0	male	NA	NA	NA	NA	NA	NA	NA
SC_GMMAN5482258	GWD	GGVP	SC_GMMAN5482258	282049945	12.12	0.0017	female	282117471	SC_GMMAN5482266	0.002:0.984:0.014	282240454	SC_GMMAN5482274	0.003:0.976:0.021	NA
SC_GMMAN5482260	GWD	GGVP	SC_GMMAN5482260	332389885	10.6	0.00011	male	335127024	SC_GMMAN5482268	0.004:0.984:0.012	335937835	SC_GMMAN5482276	0.003:0.972:0.025	NA
SC_GMMAN5482266	GWD	GGVP	SC_GMMAN5482266	282117471	12.92	0	female	NA	NA	NA	NA	NA	NA	NA
SC_GMMAN5482268	GWD	GGVP	SC_GMMAN5482268	335127024	11.67	0	female	NA	NA	NA	NA	NA	NA	NA
SC_GMMAN5482274	GWD	GGVP	SC_GMMAN5482274	282240454	10.32	0.0018	male	NA	NA	NA	NA	NA	NA	NA
SC_GMMAN5482276	GWD	GGVP	SC_GMMAN5482276	335937835	12.58	0	male	NA	NA	NA	NA	NA	NA	NA
SC_GMMAN5482282	GWD	GGVP	SC_GMMAN5482282	284311567	11.52	0.00039	male	288586065	SC_GMMAN5482290	0.005:0.984:0.011	289884837	SC_GMMAN5482298	0.003:0.985:0.012	NA
SC_GMMAN5482283	GWD	GGVP	SC_GMMAN5482283	304460428	8.47	0	female	309608826	SC_GMMAN5482291	0.006:0.984:0.010	310658051	SC_GMMAN5482299	0.008:0.980:0.012	NA
SC_GMMAN5482284	GWD	GGVP	SC_GMMAN5482284	338289493	9.34	0.0034	female	339039594	SC_GMMAN5482292	0.003:0.986:0.012	339095153	SC_GMMAN5482300	0.007:0.980:0.012	NA
SC_GMMAN5482285	GWD	GGVP	SC_GMMAN5482285	365342155	8.62	0.00096	female	367242769	SC_GMMAN5482293	0.007:0.973:0.020	367569256	SC_GMMAN5482301	0.006:0.983:0.011	NA
SC_GMMAN5482290	GWD	GGVP	SC_GMMAN5482290	288586065	10.78	0.0024	female	NA	NA	NA	NA	NA	NA	NA
SC_GMMAN5482291	GWD	GGVP	SC_GMMAN5482291	309608826	9.49	0.0013	female	NA	NA	NA	NA	NA	NA	NA
SC_GMMAN5482292	GWD	GGVP	SC_GMMAN5482292	339039594	12.48	4e-05	female	NA	NA	NA	NA	NA	NA	NA
SC_GMMAN5482293	GWD	GGVP	SC_GMMAN5482293	367242769	12.01	0.00092	female	NA	NA	NA	NA	NA	NA	NA
SC_GMMAN5482298	GWD	GGVP	SC_GMMAN5482298	289884837	11.64	0	male	NA	NA	NA	NA	NA	NA	NA
SC_GMMAN5482299	GWD	GGVP	SC_GMMAN5482299	310658051	12.01	0	male	NA	NA	NA	NA	NA	NA	NA
SC_GMMAN5482300	GWD	GGVP	SC_GMMAN5482300	339095153	9.03	0.0015	male	NA	NA	NA	NA	NA	NA	NA
SC_GMMAN5482301	GWD	GGVP	SC_GMMAN5482301	367569256	10.67	0.00015	male	NA	NA	NA	NA	NA	NA	NA
SC_GMMAN5482306	GWD	GGVP	SC_GMMAN5482306	290598822	9.82	0	male	290993669	SC_GMMAN5482314	0.004:0.983:0.014	291119178	SC_GMMAN5482322	0.011:0.981:0.009	NA
SC_GMMAN5482307	GWD	GGVP	SC_GMMAN5482307	317151260	7.01	0.008	male	320240749	SC_GMMAN5482315	0.012:0.978:0.010	321454033	SC_GMMAN5482323	0.008:0.985:0.007	NA
SC_GMMAN5482308	GWD	GGVP	SC_GMMAN5482308	343033669	11.22	0.0015	female	346924847	SC_GMMAN5482316	0.005:0.979:0.015	348380030	SC_GMMAN5482324	0.005:0.983:0.012	NA
SC_GMMAN5482309	GWD	GGVP	SC_GMMAN5482309	373907103	9.16	0.00021	male	375990279	NA	NA	376529856	NA	NA	NA
SC_GMMAN5482314	GWD	GGVP	SC_GMMAN5482314	290993669	10.79	0.0012	female	NA	NA	NA	NA	NA	NA	NA
SC_GMMAN5482315	GWD	GGVP	SC_GMMAN5482315	320240749	9.06	0.00034	female	NA	NA	NA	NA	NA	NA	NA
SC_GMMAN5482316	GWD	GGVP	SC_GMMAN5482316	346924847	8.45	0.00082	female	NA	NA	NA	NA	NA	NA	NA
SC_GMMAN5482322	GWD	GGVP	SC_GMMAN5482322	291119178	6.67	0.0049	male	NA	NA	NA	NA	NA	NA	NA
SC_GMMAN5482323	GWD	GGVP	SC_GMMAN5482323	321454033	10.9	0.00077	male	NA	NA	NA	NA	NA	NA	NA
SC_GMMAN5482324	GWD	GGVP	SC_GMMAN5482324	348380030	13.28	0.003	male	NA	NA	NA	NA	NA	NA	NA
SC_GMMAN5482332	GWD	GGVP	SC_GMMAN5482332	350092975	10.13	0.0011	male	351239705	SC_GMMAN5482340	0.005:0.964:0.031	352268474	SC_GMMAN5482348	0.005:0.972:0.024	NA
SC_GMMAN5482340	GWD	GGVP	SC_GMMAN5482340	351239705	11.79	0.0012	female	NA	NA	NA	NA	NA	NA	NA
SC_GMMAN5482348	GWD	GGVP	SC_GMMAN5482348	352268474	12.03	0	male	NA	NA	NA	NA	NA	NA	NA
SC_GMWOF5428705	GWW	GGVP	SC_GMWOF5428705	510253854	11.54	0.00058	male	513559022	SC_GMWOF5428713	0.006:0.981:0.013	522362489	SC_GMWOF5428721	0.008:0.978:0.015	NA
SC_GMWOF5428707	GWW	GGVP	SC_GMWOF5428707	163015151	12.8	0	female	165673310	SC_GMWOF5428715	0.005:0.965:0.030	168305628	SC_GMWOF5428723	0.002:0.984:0.014	NA
SC_GMWOF5428708	GWW	GGVP	SC_GMWOF5428708	222579650	10.75	0	male	224204805	SC_GMWOF5428716	0.006:0.947:0.047	229809191	SC_GMWOF5428724	0.007:0.966:0.027	NA
SC_GMWOF5428713	GWW	GGVP	SC_GMWOF5428713	513559022	10.93	0.00024	female	NA	NA	NA	NA	NA	NA	NA
SC_GMWOF5428715	GWW	GGVP	SC_GMWOF5428715	165673310	11.62	0.00034	female	NA	NA	NA	NA	NA	NA	NA
SC_GMWOF5428716	GWW	GGVP	SC_GMWOF5428716	224204805	11.4	0.0085	female	NA	NA	NA	NA	NA	NA	NA
SC_GMWOF5428721	GWW	GGVP	SC_GMWOF5428721	522362489	12.44	5.1e-05	male	NA	NA	NA	NA	NA	NA	NA
SC_GMWOF5428723	GWW	GGVP	SC_GMWOF5428723	168305628	11.88	0	male	NA	NA	NA	NA	NA	NA	NA
SC_GMWOF5428724	GWW	GGVP	SC_GMWOF5428724	229809191	10.4	0.0013	male	NA	NA	NA	NA	NA	NA	NA
SC_GMWOF5428728	GWW	GGVP	SC_GMWOF5428728	472557748	11.24	0.00072	male	477240015	SC_GMWOF5428744	0.004:0.983:0.013	475625370	SC_GMWOF5428736	0.038:0.960:0.002	NA
SC_GMWOF5428729	GWW	GGVP	SC_GMWOF5428729	528129643	12.99	0	female	530168619	SC_GMWOF5428737	0.003:0.983:0.013	531993950	SC_GMWOF5428745	0.004:0.982:0.014	NA
SC_GMWOF5428731	GWW	GGVP	SC_GMWOF5428731	169210963	10.73	0.0048	male	171102878	SC_GMWOF5428739	0.004:0.987:0.009	186955575	SC_GMWOF5428747	0.007:0.969:0.025	NA
SC_GMWOF5428732	GWW	GGVP	SC_GMWOF5428732	233207845	10.33	0	male	235953027	SC_GMWOF5428740	0.005:0.955:0.040	238661713	SC_GMWOF5428748	0.003:0.970:0.027	NA
SC_GMWOF5428736	GWW	GGVP	SC_GMWOF5428736	475625370	8.17	0.11	male	NA	NA	NA	NA	NA	NA	NA
SC_GMWOF5428737	GWW	GGVP	SC_GMWOF5428737	530168619	13.31	0.00013	female	NA	NA	NA	NA	NA	NA	NA
SC_GMWOF5428739	GWW	GGVP	SC_GMWOF5428739	171102878	9.97	0.0079	female	NA	NA	NA	NA	NA	NA	NA
SC_GMWOF5428740	GWW	GGVP	SC_GMWOF5428740	235953027	10.81	0.0061	female	NA	NA	NA	NA	NA	NA	NA
SC_GMWOF5428744	GWW	GGVP	SC_GMWOF5428744	477240015	11.85	0.00026	female	NA	NA	NA	NA	NA	NA	NA
SC_GMWOF5428745	GWW	GGVP	SC_GMWOF5428745	531993950	9	0	male	NA	NA	NA	NA	NA	NA	NA
SC_GMWOF5428747	GWW	GGVP	SC_GMWOF5428747	186955575	14.49	0.00042	male	NA	NA	NA	NA	NA	NA	NA
SC_GMWOF5428748	GWW	GGVP	SC_GMWOF5428748	238661713	13.47	0	male	NA	NA	NA	NA	NA	NA	NA
SC_GMWOF5428762	GWW	GGVP	SC_GMWOF5428762	141949702	11.91	0.00022	male	147305863	SC_GMWOF5428770	0.004:0.966:0.030	154173941	SC_GMWOF5428778	0.003:0.989:0.008	NA
SC_GMWOF5428763	GWW	GGVP	SC_GMWOF5428763	189658284	11.57	0.001	female	NA	NA	NA	NA	NA	NA	NA
SC_GMWOF5428770	GWW	GGVP	SC_GMWOF5428770	147305863	12.21	0.0011	female	NA	NA	NA	NA	NA	NA	NA
SC_GMWOF5428771	GWW	GGVP	SC_GMWOF5428771	195035626	4.54	0.00018	male	NA	NA	NA	NA	NA	NA	NA
SC_GMWOF5428778	GWW	GGVP	SC_GMWOF5428778	154173941	12.87	0.00059	male	NA	NA	NA	NA	NA	NA	NA
SC_GMWOF5428786	GWW	GGVP	SC_GMWOF5428786	103204308	10.97	0.00018	male	103336874	SC_GMWOF5428794	0.003:0.979:0.017	107162946	SC_GMWOF5428802	0.003:0.988:0.010	NA
SC_GMWOF5428787	GWW	GGVP	SC_GMWOF5428787	138118829	12.08	0	male	138909903	SC_GMWOF5428795	0.002:0.904:0.093	140258979	SC_GMWOF5428803	0.002:0.941:0.057	NA
SC_GMWOF5428788	GWW	GGVP	SC_GMWOF5428788	169676390	9.09	4.1e-05	male	176582096	SC_GMWOF5428796	0.004:0.985:0.012	183021422	SC_GMWOF5428804	0.004:0.982:0.014	NA
SC_GMWOF5428789	GWW	GGVP	SC_GMWOF5428789	210873105	10.86	0.0012	male	211058733	SC_GMWOF5428797	0.006:0.979:0.015	214660877	SC_GMWOF5428805	0.002:0.988:0.010	NA
SC_GMWOF5428790	GWW	GGVP	SC_GMWOF5428790	269978177	12.65	0	female	273055768	SC_GMWOF5428798	0.004:0.981:0.015	277401051	SC_GMWOF5428806	0.002:0.974:0.024	NA
SC_GMWOF5428792	GWW	GGVP	SC_GMWOF5428792	340169879	9.91	0	female	342599865	SC_GMWOF5428800	0.005:0.980:0.015	342976036	SC_GMWOF5428808	0.011:0.969:0.020	NA
SC_GMWOF5428794	GWW	GGVP	SC_GMWOF5428794	103336874	11.47	0	female	NA	NA	NA	NA	NA	NA	NA
SC_GMWOF5428795	GWW	GGVP	SC_GMWOF5428795	138909903	11.25	0	female	133329678	SC_GMWOF5428866	0.004:0.982:0.014	133728444	SC_GMWOF5428874	0.004:0.982:0.014	NA
SC_GMWOF5428796	GWW	GGVP	SC_GMWOF5428796	176582096	14.37	0.00047	female	NA	NA	NA	NA	NA	NA	NA
SC_GMWOF5428797	GWW	GGVP	SC_GMWOF5428797	211058733	7.04	0.0022	female	NA	NA	NA	NA	NA	NA	NA
SC_GMWOF5428798	GWW	GGVP	SC_GMWOF5428798	273055768	12.45	0	female	NA	NA	NA	NA	NA	NA	NA
SC_GMWOF5428800	GWW	GGVP	SC_GMWOF5428800	342599865	10.24	0	female	NA	NA	NA	NA	NA	NA	NA
SC_GMWOF5428802	GWW	GGVP	SC_GMWOF5428802	107162946	12.32	0.0012	male	NA	NA	NA	NA	NA	NA	NA
SC_GMWOF5428803	GWW	GGVP	SC_GMWOF5428803	140258979	11.01	0	male	NA	NA	NA	NA	NA	NA	NA
SC_GMWOF5428804	GWW	GGVP	SC_GMWOF5428804	183021422	11.17	0	male	NA	NA	NA	NA	NA	NA	NA
SC_GMWOF5428805	GWW	GGVP	SC_GMWOF5428805	214660877	9.89	7.1e-05	male	NA	NA	NA	NA	NA	NA	NA
SC_GMWOF5428806	GWW	GGVP	SC_GMWOF5428806	277401051	12.91	0	male	NA	NA	NA	NA	NA	NA	NA
SC_GMWOF5428808	GWW	GGVP	SC_GMWOF5428808	342976036	6.8	0.00062	male	NA	NA	NA	NA	NA	NA	NA
SC_GMWOF5428810	GWW	GGVP	SC_GMWOF5428810	111654778	12.57	0.0014	female	112052011	SC_GMWOF5428818	0.002:0.983:0.015	122918576	SC_GMWOF5428826	0.002:0.987:0.011	NA
SC_GMWOF5428811	GWW	GGVP	SC_GMWOF5428811	141358359	7.83	0.0021	female	152676277	SC_GMWOF5428819	0.006:0.987:0.007	159520866	SC_GMWOF5428827	0.007:0.971:0.022	NA
SC_GMWOF5428812	GWW	GGVP	SC_GMWOF5428812	186987867	8.69	0	female	190782769	SC_GMWOF5428820	0.008:0.973:0.020	191068086	SC_GMWOF5428828	0.010:0.980:0.009	NA
SC_GMWOF5428813	GWW	GGVP	SC_GMWOF5428813	227585749	8.87	0	male	229497865	SC_GMWOF5428821	0.006:0.980:0.013	231280028	SC_GMWOF5428829	0.004:0.982:0.014	NA
SC_GMWOF5428814	GWW	GGVP	SC_GMWOF5428814	281009089	12.37	0.0005	female	284940212	SC_GMWOF5428822	0.002:0.987:0.010	285307468	SC_GMWOF5428830	0.005:0.976:0.019	NA
SC_GMWOF5428815	GWW	GGVP	SC_GMWOF5428815	313910812	13.18	0	male	314470781	SC_GMWOF5428823	0.002:0.981:0.017	323680585	SC_GMWOF5428831	0.003:0.988:0.009	NA
SC_GMWOF5428816	GWW	GGVP	SC_GMWOF5428816	395161200	10.34	0.00023	male	406149012	SC_GMWOF5428824	0.004:0.981:0.015	NA	NA	NA	NA
SC_GMWOF5428817	GWW	GGVP	SC_GMWOF5428817	470444740	9.12	0.0019	male	477929222	SC_GMWOF5428825	0.004:0.981:0.015	479992565	SC_GMWOF5428833	0.004:0.988:0.008	NA
SC_GMWOF5428818	GWW	GGVP	SC_GMWOF5428818	112052011	12.68	0.00059	female	NA	NA	NA	NA	NA	NA	NA
SC_GMWOF5428819	GWW	GGVP	SC_GMWOF5428819	152676277	7.91	0.0026	female	NA	NA	NA	NA	NA	NA	NA
SC_GMWOF5428820	GWW	GGVP	SC_GMWOF5428820	190782769	8.96	6.7e-05	female	NA	NA	NA	NA	NA	NA	NA
SC_GMWOF5428821	GWW	GGVP	SC_GMWOF5428821	229497865	11.12	0.0007	female	NA	NA	NA	NA	NA	NA	NA
SC_GMWOF5428822	GWW	GGVP	SC_GMWOF5428822	284940212	12.23	0.00087	female	NA	NA	NA	NA	NA	NA	NA
SC_GMWOF5428823	GWW	GGVP	SC_GMWOF5428823	314470781	13.06	8.1e-05	female	NA	NA	NA	NA	NA	NA	NA
SC_GMWOF5428824	GWW	GGVP	SC_GMWOF5428824	406149012	12.15	0	female	NA	NA	NA	NA	NA	NA	NA
SC_GMWOF5428825	GWW	GGVP	SC_GMWOF5428825	477929222	7.34	0	female	NA	NA	NA	NA	NA	NA	NA
SC_GMWOF5428826	GWW	GGVP	SC_GMWOF5428826	122918576	11.2	0.00023	male	NA	NA	NA	NA	NA	NA	NA
SC_GMWOF5428827	GWW	GGVP	SC_GMWOF5428827	159520866	8.13	0.00012	male	NA	NA	NA	NA	NA	NA	NA
SC_GMWOF5428828	GWW	GGVP	SC_GMWOF5428828	191068086	8.75	4e-05	male	NA	NA	NA	NA	NA	NA	NA
SC_GMWOF5428829	GWW	GGVP	SC_GMWOF5428829	231280028	11.55	0.002	male	NA	NA	NA	NA	NA	NA	NA
SC_GMWOF5428830	GWW	GGVP	SC_GMWOF5428830	285307468	11.57	0.0005	male	NA	NA	NA	NA	NA	NA	NA
SC_GMWOF5428831	GWW	GGVP	SC_GMWOF5428831	323680585	12.64	0	male	NA	NA	NA	NA	NA	NA	NA
SC_GMWOF5428832	GWW	GGVP	SC_GMWOF5428832	408907841	10.2	0	male	NA	NA	NA	NA	NA	NA	NA
SC_GMWOF5428833	GWW	GGVP	SC_GMWOF5428833	479992565	12.16	0.00015	male	NA	NA	NA	NA	NA	NA	NA
SC_GMWOF5428834	GWW	GGVP	SC_GMWOF5428834	129233360	11.96	0	male	129530456	SC_GMWOF5428842	0.003:0.950:0.047	130298282	SC_GMWOF5428850	0.008:0.952:0.039	NA
SC_GMWOF5428835	GWW	GGVP	SC_GMWOF5428835	161849442	9.76	0	male	163069709	SC_GMWOF5428843	0.001:0.979:0.020	163522943	SC_GMWOF5428851	0.005:0.982:0.013	NA
SC_GMWOF5428838	GWW	GGVP	SC_GMWOF5428838	287829363	8.13	0	female	289838341	SC_GMWOF5428846	0.004:0.981:0.015	293947011	SC_GMWOF5428854	0.009:0.977:0.015	NA
SC_GMWOF5428839	GWW	GGVP	SC_GMWOF5428839	327175325	9.69	0	male	329639524	SC_GMWOF5428847	0.004:0.952:0.045	334946531	SC_GMWOF5428855	0.005:0.960:0.035	NA
SC_GMWOF5428841	GWW	GGVP	SC_GMWOF5428841	480170519	7.43	0.00078	male	483657659	SC_GMWOF5428849	0.005:0.976:0.019	488712863	SC_GMWOF5428857	0.013:0.981:0.007	NA
SC_GMWOF5428842	GWW	GGVP	SC_GMWOF5428842	129530456	8.7	0	female	NA	NA	NA	NA	NA	NA	NA
SC_GMWOF5428843	GWW	GGVP	SC_GMWOF5428843	163069709	12.95	0	female	NA	NA	NA	NA	NA	NA	NA
SC_GMWOF5428846	GWW	GGVP	SC_GMWOF5428846	289838341	14.9	0.0013	female	NA	NA	NA	NA	NA	NA	NA
SC_GMWOF5428847	GWW	GGVP	SC_GMWOF5428847	329639524	15.48	0.00073	female	NA	NA	NA	NA	NA	NA	NA
SC_GMWOF5428849	GWW	GGVP	SC_GMWOF5428849	483657659	12.24	0.0012	female	NA	NA	NA	NA	NA	NA	NA
SC_GMWOF5428850	GWW	GGVP	SC_GMWOF5428850	130298282	7.88	0	male	NA	NA	NA	NA	NA	NA	NA
SC_GMWOF5428851	GWW	GGVP	SC_GMWOF5428851	163522943	9.09	0.022	male	NA	NA	NA	NA	NA	NA	NA
SC_GMWOF5428854	GWW	GGVP	SC_GMWOF5428854	293947011	9.86	0	male	NA	NA	NA	NA	NA	NA	NA
SC_GMWOF5428855	GWW	GGVP	SC_GMWOF5428855	334946531	11.41	0	male	NA	NA	NA	NA	NA	NA	NA
SC_GMWOF5428857	GWW	GGVP	SC_GMWOF5428857	488712863	9.35	0.0042	male	NA	NA	NA	NA	NA	NA	NA
SC_GMWOF5428858	GWW	GGVP	SC_GMWOF5428858	130778211	10.44	0	male	133329678	SC_GMWOF5428866	0.004:0.978:0.018	133728444	SC_GMWOF5428874	0.004:0.981:0.015	NA
SC_GMWOF5428859	GWW	GGVP	SC_GMWOF5428859	164966531	10.97	0.0015	male	165232820	SC_GMWOF5428867	0.003:0.968:0.028	166655720	SC_GMWOF5428875	0.004:0.959:0.037	NA
SC_GMWOF5428861	GWW	GGVP	SC_GMWOF5428861	246573418	10.71	0.0016	male	251477720	SC_GMWOF5428869	0.005:0.983:0.012	264685687	SC_GMWOF5428877	0.003:0.985:0.011	NA
SC_GMWOF5428863	GWW	GGVP	SC_GMWOF5428863	335988572	8.45	0	female	336129979	SC_GMWOF5428871	0.003:0.984:0.013	336928988	SC_GMWOF5428879	0.003:0.976:0.020	NA
SC_GMWOF5428865	GWW	GGVP	SC_GMWOF5428865	494380339	8.75	0	female	496262776	SC_GMWOF5428873	0.005:0.982:0.013	498594081	SC_GMWOF5428882	0.004:0.985:0.011	NA
SC_GMWOF5428866	GWW	GGVP	SC_GMWOF5428866	133329678	10.27	0.00051	female	NA	NA	NA	NA	NA	NA	NA
SC_GMWOF5428867	GWW	GGVP	SC_GMWOF5428867	165232820	8.86	0	female	NA	NA	NA	NA	NA	NA	NA
SC_GMWOF5428869	GWW	GGVP	SC_GMWOF5428869	251477720	9.94	0.00038	female	NA	NA	NA	NA	NA	NA	NA
SC_GMWOF5428871	GWW	GGVP	SC_GMWOF5428871	336129979	10.07	0	female	NA	NA	NA	NA	NA	NA	NA
SC_GMWOF5428873	GWW	GGVP	SC_GMWOF5428873	496262776	11.92	0	female	NA	NA	NA	NA	NA	NA	NA
SC_GMWOF5428874	GWW	GGVP	SC_GMWOF5428874	133728444	9.16	0	male	NA	NA	NA	NA	NA	NA	NA
SC_GMWOF5428875	GWW	GGVP	SC_GMWOF5428875	166655720	9.94	0.0002	male	NA	NA	NA	NA	NA	NA	NA
SC_GMWOF5428877	GWW	GGVP	SC_GMWOF5428877	264685687	10.97	0.00043	male	NA	NA	NA	NA	NA	NA	NA
SC_GMWOF5428879	GWW	GGVP	SC_GMWOF5428879	336928988	11.95	0	male	NA	NA	NA	NA	NA	NA	NA
SC_GMWOF5428882	GWW	GGVP	SC_GMWOF5428882	498594081	15.04	9e-05	male	NA	NA	NA	NA	NA	NA	NA
SC_GMWOF5428906	GWW	GGVP	SC_GMWOF5428906	514960222	9.8	0.00041	male	NA	NA	NA	NA	NA	NA	NA
SC_GMWOF5428755	GWW	GGVP	SC_GMWOF5428755	188126379	NA	NA	male	189658284	SC_GMWOF5428763	NA	195035626	SC_GMWOF5428771	NA	See release note for details relating to this sample
